"Item","Merged mode"
"Computer (CPU, cores, RAM, OS)","Intel(R) Core(TM) i5-10310U CPU @ 1.70GHz, 4 cores / 8 threads, 15.6 GB RAM, Microsoft Windows 11 Pro 10.0.26200"
"R / Bioconductor version","R 4.6.1 (2026-06-24 ucrt) / Bioconductor 3.24 (GExPipe 0.99.106)"
"Steps 1-2 (download, normalisation), min","3.7"
"Steps 3-7 (QC, groups, batch, DE, consensus), min","0.9"
"Step 8 (WGCNA), min","2.2"
"Steps 9-11 (enrichment, PPI, ML), min","3.8"
"Steps 12-16 (validation, ROC, nomogram, GSEA, report), min","4"
"Total, min","14.5"
"Peak memory, GB","5.83"
