"draw","MinMedian","Jaccard_vs_equal","Ec","Ep","Em","Es","Ex"
1,0.91963727329581,0.739130434782609,0.0690273326492641,0.121914292028787,0.171085276571059,0.562552175007863,0.0754209237430268
2,0.922645519190235,0.904761904761905,0.149805417241773,0.000564267320594524,0.506295526502639,0.200071886137788,0.143262902797206
3,0.91963727329581,0.739130434782609,0.0764263837232227,0.165492289602269,0.0198729325902218,0.578813495513774,0.159394898570512
4,0.91963727329581,0.739130434782609,0.00533358826927709,0.313946256327735,0.0964633285508389,0.568122667436709,0.0161341594154397
5,0.923583605494175,1,0.0952965323675545,0.0269869681343625,0.736355183441227,0.0815946384196112,0.0597666776372453
6,0.930555555555556,0.538461538461538,0.334265978839291,0.0179009614680929,0.363948375036541,0.00461627060098235,0.279268414055093
7,0.91963727329581,0.739130434782609,0.0477699892767546,0.226339786502079,0.404483474978635,0.271264990513056,0.0501417587294756
8,0.930555555555556,0.6,0.21626613916714,0.421046711417482,0.22289939626138,0.0369845409704004,0.102803212183598
9,0.926670025247261,0.739130434782609,0.293031238536324,0.270634176862187,0.238489870091572,0.141321037620264,0.056523676889654
10,0.926670025247261,0.904761904761905,0.193252978513007,0.169124958938534,0.391569424543315,0.143075220292952,0.102977417712192
11,0.930555555555556,0.538461538461538,0.186615160155199,0.244056151401364,0.328860094449837,0.0045370603706855,0.235931533622915
12,0.930555555555556,0.666666666666667,0.501396813953696,0.00881029139316307,0.0679418376294559,0.189011944665171,0.232839112358515
13,0.91963727329581,0.739130434782609,0.0268992704193205,0.148068974567538,0.164249992561034,0.570453655414874,0.090328107037233
14,0.91963727329581,0.666666666666667,0.0138424058923696,0.20546780866902,0.28745513551702,0.271005262427031,0.222229387494559
15,0.932098765432099,0.6,0.207193293845199,0.118758292439655,0.0987708722188394,0.0439486721259632,0.531328869370343
16,0.923583605494175,0.904761904761905,0.144008157675519,0.0563791179460241,0.2887631193912,0.205832784155358,0.305016820831899
17,0.91963727329581,0.739130434782609,0.161009287793546,0.102075182635355,0.0225164839443184,0.691590511208609,0.0228085344181713
18,0.923583605494175,0.904761904761905,0.164218854418655,0.0381042299035218,0.0528180636597601,0.327939667463755,0.416919184554308
19,0.926670025247261,0.904761904761905,0.281741593432228,0.219120635739306,0.14300157894923,0.205383291923229,0.150752899956008
20,0.91963727329581,0.739130434782609,0.179507954804776,0.0205147065832441,0.0842316950276401,0.68898737372141,0.0267582698629302
21,0.926670025247261,0.666666666666667,0.691193442717787,0.131851891319604,0.0462627218807999,0.112856788295667,0.0178351557861423
22,0.91963727329581,0.739130434782609,0.109282559034179,0.605974812948209,0.0474065900625103,0.218930005737876,0.0184060322172263
23,0.926670025247261,0.739130434782609,0.428664407645367,0.0557281285040093,0.147871456032244,0.205363678819101,0.162372328999278
24,0.938491649873764,0.538461538461538,0.0580451936125684,0.337074669854306,0.0415528948033062,0.0359221249149385,0.527405116814881
25,0.935185185185186,0.6,0.190369550713311,0.0540780713138753,0.0982730877775108,0.0398083137871084,0.617470976408194
26,0.921200750469043,0.818181818181818,0.133692007666818,0.448001008955572,0.139439818873022,0.209048719652246,0.0698184448523415
27,0.938271604938272,0.538461538461538,0.190391712755187,0.0217789494326025,0.00484359408858257,0.0459074765788942,0.737078267144734
28,0.926670025247261,0.904761904761905,0.0569988772486559,0.0890489703432237,0.50528185209119,0.0997502370262087,0.248920063290721
29,0.921200750469043,0.818181818181818,0.0878946612021875,0.223941332924802,0.295506887839967,0.196317202298852,0.196339915734191
30,0.926670025247261,0.904761904761905,0.355344621775253,0.0314738765537353,0.0157000168269753,0.198068563078131,0.399412921765905
31,0.922645519190235,0.904761904761905,0.104438982462012,0.484555650629587,0.0211175943902751,0.19299020296574,0.196897569552387
32,0.926670025247261,0.6,0.43131412930457,0.0940512693555805,0.448655778228114,0.0193355029173967,0.00664332019433897
33,0.91963727329581,0.739130434782609,0.0788397474246686,0.0969239725643469,0.116725488307388,0.471423982811625,0.236086808891972
34,0.923583605494175,1,0.0863311315118864,0.19728416985158,0.460202718957869,0.124504046407822,0.131677933270842
35,0.930555555555556,0.6,0.553858314867724,0.299647768014928,0.0425180733965807,0.0257700126441061,0.0782058310766616
36,0.926670025247261,0.904761904761905,0.118406516464041,0.196261742696924,0.342029997478752,0.114589274285142,0.228712469075142
37,0.91963727329581,0.666666666666667,0.00415310529084425,0.00701992965476047,0.153813102449759,0.606918445846708,0.228095416757928
38,0.926670025247261,0.904761904761905,0.175213858936066,0.207041730639452,0.354762484938676,0.142148922124188,0.120833003361618
39,0.923583605494175,0.904761904761905,0.077631101891316,0.0763131508056437,0.33762684351388,0.191658086001337,0.316770817787823
40,0.926670025247261,0.904761904761905,0.290032707714989,0.399165525605148,0.0694647541493886,0.153960279702481,0.0873767328279936
41,0.91963727329581,0.739130434782609,0.112240297073389,0.425932848859058,0.293554435246514,0.151392806037332,0.0168796127837078
42,0.926670025247261,0.904761904761905,0.199233765350569,0.39369360976674,0.0524955261580248,0.166866062883061,0.187711035841605
43,0.923583605494175,1,0.0693171530709827,0.831578413017187,0.025734663368272,0.0511608166505434,0.0222089538930152
44,0.926670025247261,0.904761904761905,0.175087745750088,0.0167882956337704,0.114836030758578,0.174919827912435,0.518368099945128
45,0.921200750469043,0.818181818181818,0.170241763108911,0.0189422145888793,0.211658028803335,0.376552093898487,0.222605899600388
46,0.921200750469043,0.739130434782609,0.0698022715917733,0.0132622305728808,0.00602848927407922,0.471446108692504,0.439460899868762
47,0.930555555555556,0.538461538461538,0.323990017857306,0.179281463005921,0.144467950938379,0.0186998180909382,0.333560750107456
48,0.91963727329581,0.739130434782609,0.240575504694743,0.106384515716362,0.306006982076708,0.328170127643885,0.0188628698683015
49,0.91963727329581,0.666666666666667,0.00582496950732919,0.104338489173535,0.0306210906485774,0.769484839103048,0.0897306115675107
50,0.926670025247261,0.6,0.625005608340562,0.00845057484372037,0.239349832212237,0.0691414477137299,0.058052536889751
51,0.91963727329581,0.739130434782609,0.0954505273002408,0.0508522780884837,0.23192364596396,0.618949652900089,0.00282389574722736
52,0.922645519190235,0.904761904761905,0.31164511988137,0.0182535746819468,0.0343132509893714,0.412133143473569,0.223654910973743
53,0.91963727329581,0.739130434782609,0.199858438140825,0.290840448176544,0.0709101007227591,0.429898847903129,0.0084921650567421
54,0.921200750469043,0.818181818181818,0.118968167450883,0.420680071263598,0.060509873886612,0.217016427449032,0.182825459949875
55,0.926670025247261,0.666666666666667,0.176953907844384,0.17198124765213,0.54292468174188,0.0644918372930658,0.0436483254685398
56,0.933641975308642,0.666666666666667,0.0239306493919025,0.480294354619365,0.0114093786734325,0.105998959810392,0.378366657504909
57,0.923583605494175,1,0.198356716590789,0.480966712325056,0.102434832188244,0.18257107703039,0.0356706618655211
58,0.923583605494175,0.904761904761905,0.180607861257641,0.202968915096068,0.0428819638232956,0.237179027757493,0.336362232065503
59,0.930555555555556,0.6,0.0950057748631754,0.490945351239447,0.360979140360447,0.00973304044154016,0.0433366930953898
60,0.926670025247261,0.666666666666667,0.623796026232698,0.164963366746213,0.0284938326100555,0.106642256506296,0.0761045179047373
61,0.923583605494175,1,0.181842968361843,0.417023065511415,0.0716148008012208,0.210999329704267,0.118519835621255
62,0.926670025247261,0.904761904761905,0.239950171547271,0.119959250041283,0.372473932472354,0.149184455013143,0.118432190925949
63,0.921200750469043,0.666666666666667,0.00547501252192305,0.224190249931558,0.193153966440346,0.21810827853593,0.359072492570242
64,0.91963727329581,0.739130434782609,0.0495057262061903,0.531439540183126,0.0137334028742021,0.320485748613402,0.0848355821230793
65,0.926670025247261,0.739130434782609,0.0418098092131996,0.386094711568518,0.0912058056801325,0.133260326949145,0.347629346589005
66,0.91963727329581,0.739130434782609,0.106531954983595,0.457540314914521,0.127247277873173,0.252568401317795,0.056112050910916
67,0.926670025247261,0.904761904761905,0.156569218659284,0.13708090978981,0.384765156913131,0.145214179988926,0.176370534648849
68,0.926670025247261,0.666666666666667,0.308473359556108,0.565283185023246,0.0521331368979737,0.0544852956130776,0.0196250229095947
69,0.921200750469043,0.818181818181818,0.121200275031099,0.123446124361556,0.549089021098845,0.17258194688852,0.0336826326199804
70,0.930555555555556,0.818181818181818,0.0334383407044209,0.582769382311723,0.3056508313464,0.0163104285209082,0.0618310171165483
71,0.926670025247261,0.6,0.722437265282426,0.0302250884247277,0.141370576167549,0.0841191055734435,0.0218479645518543
72,0.91963727329581,0.739130434782609,0.0662912525833302,0.0751780512406594,0.395683527257729,0.43370436345365,0.0291428054646315
73,0.923583605494175,0.904761904761905,0.155934615117315,0.140012862580198,0.0532995317264951,0.284168358299398,0.366584632276594
74,0.923583605494175,1,0.117262185225629,0.0718279219379695,0.63548709708873,0.103928569941069,0.0714942258066029
75,0.91963727329581,0.739130434782609,0.237347845759726,0.0800219267167125,0.00023866258850686,0.64436667038264,0.0380248945524142
76,0.926670025247261,0.666666666666667,0.693561841920469,0.139307142507341,0.00672147926111654,0.153785735954192,0.00662380035688206
77,0.923583605494175,1,0.349139222029841,0.102164390521898,0.0346211829617458,0.361123517633182,0.152951686853333
78,0.930555555555556,0.739130434782609,0.039760372277155,0.623665649225879,0.0155484027363455,0.0341225944566893,0.286902981303931
79,0.926670025247261,0.904761904761905,0.371319382460837,0.0277091925345913,0.0561744092684353,0.292580739637823,0.252216276098313
80,0.930555555555556,0.538461538461538,0.311989218418958,0.154278975121166,0.0470817927111737,0.0217909721519124,0.46485904159679
81,0.926670025247261,0.904761904761905,0.162373888043334,0.244512797085069,0.253165681311436,0.0955697573245533,0.244377876235608
82,0.923583605494175,0.904761904761905,0.025851028032629,0.230132944071579,0.559143733698711,0.0653081750996491,0.119564119097432
83,0.91963727329581,0.739130434782609,0.0711159831198057,0.433265718401828,0.257682065621375,0.213787507240041,0.0241487256169497
84,0.926670025247261,0.818181818181818,0.0671992189427604,0.443472971456081,0.0227701574178945,0.0609728882956526,0.405584763887612
85,0.91963727329581,0.739130434782609,0.174766547051836,0.16439127642074,0.142032548403482,0.39182964466438,0.126979983459563
86,0.921200750469043,0.818181818181818,0.0926146215058863,0.243853296723094,0.0273066312217196,0.349077945218086,0.287147505331214
87,0.932098765432099,0.538461538461538,0.072302543839219,0.223429012129535,0.538327111480406,0.000627412454165517,0.165313920096675
88,0.91963727329581,0.739130434782609,0.115737604320255,0.197611418614277,0.481312594987399,0.202914678906296,0.00242370317177274
89,0.922645519190235,0.904761904761905,0.154513173098382,0.226296812100579,0.242919455365949,0.225104503551907,0.151166055883184
90,0.926670025247261,0.904761904761905,0.105063564402357,0.140072141514602,0.141839556401304,0.154137465824739,0.458887271856997
91,0.930555555555556,0.666666666666667,0.388604677796482,0.215663923750773,0.0568227383504375,0.159747010671741,0.179161649430567
92,0.926670025247261,0.666666666666667,0.557459278959205,0.272870924328135,0.0759912333642133,0.0841788210767617,0.00949974227168525
93,0.926670025247261,0.739130434782609,0.591221222070198,0.0169375763812871,0.0864271393993637,0.287332485438893,0.0180815767102589
94,0.926670025247261,0.666666666666667,0.268878081111987,0.141227960379544,0.418714078421297,0.118182560833674,0.0529973192534982
95,0.926670025247261,0.904761904761905,0.212537213199185,0.027203509845897,0.259459110031656,0.184715740054168,0.316084426869093
96,0.926670025247261,0.904761904761905,0.495822378742226,0.027382671710565,0.0104681099748804,0.266657687476849,0.199669152095479
97,0.91963727329581,0.739130434782609,0.0229163280824549,0.616046356212581,0.120943600132128,0.162975951920604,0.0771177636522323
98,0.926670025247261,0.904761904761905,0.255640813422318,0.0253407669237718,0.287632787714486,0.213188428893745,0.218197203045679
99,0.926670025247261,0.666666666666667,0.41503471446227,0.0330187714445504,0.286568221125561,0.188460045400238,0.07691824756738
100,0.923583605494175,1,0.232196526791572,0.295046932229043,0.272703068384558,0.180495563163927,0.0195579094309005
101,0.926670025247261,0.904761904761905,0.232381841559651,0.114052304133439,0.148539837217884,0.140392739307961,0.364633277781065
102,0.91963727329581,0.739130434782609,0.0868372536168744,0.335266150492637,0.316285394941547,0.218257230858862,0.0433539700900792
103,0.923583605494175,0.904761904761905,0.14935102625951,0.0351471254596842,0.144118530441421,0.265642642365027,0.405740675474357
104,0.921200750469043,0.818181818181818,0.226035727409436,0.191407834185958,0.30529540211314,0.254997158517567,0.0222638777739003
105,0.923583605494175,1,0.366405702466426,0.200158385717661,0.0448998733341755,0.282249919779163,0.106286118702575
106,0.926670025247261,0.904761904761905,0.0853631350244982,0.384912239476338,0.0608348766055255,0.141242486312009,0.327647262581629
107,0.923583605494175,1,0.394730811799602,0.134822836559364,0.0695689594470947,0.310349938305685,0.0905274538882538
108,0.91963727329581,0.739130434782609,0.0145236112145243,0.466839201819788,0.094180623404387,0.408779814139213,0.0156767494220872
109,0.930555555555556,0.6,0.395765224576156,0.192996109883032,0.122005914419562,0.0703156765121573,0.218917074609092
110,0.923583605494175,1,0.281633764493455,0.00994729389939609,0.283981143154315,0.254459479755928,0.169978318696906
111,0.930555555555556,0.666666666666667,0.341712217320639,0.169758276318516,0.0782086035062479,0.122564526928109,0.287756375926488
112,0.91963727329581,0.739130434782609,0.107538577351542,0.332807214912459,0.0333712068839548,0.43084162105903,0.095441379793014
113,0.932098765432099,0.6,0.241181336477247,0.213809374070148,0.00351262969988215,0.0555773853210041,0.485919274431719
114,0.923583605494175,0.904761904761905,0.372805461841093,0.200432692091095,0.106369565588881,0.255795575204686,0.0645967052742447
115,0.926670025247261,0.818181818181818,0.396965338794075,0.0595443326808234,0.0715970463538566,0.190307950473717,0.281585331697528
116,0.91963727329581,0.739130434782609,0.0794099949270315,0.384000990252059,0.0816167984733458,0.435699878088128,0.0192723382594355
117,0.930555555555556,0.6,0.0703670553140433,0.582789786007363,0.332524938010997,0.0047328651611574,0.00958535550643964
118,0.930555555555556,0.6,0.127743563973058,0.246349428568108,0.41460375904924,0.0282471454964691,0.183056102913124
119,0.921200750469043,0.739130434782609,0.0582239452287055,0.00961348671174645,0.188183352524471,0.345678509014534,0.398300706520543
120,0.921200750469043,0.666666666666667,0.0269906023581468,0.0412764131646266,0.431363832329948,0.196220705387502,0.304148446759777
121,0.926670025247261,0.6,0.13643834696522,0.458497219376182,0.396826853512593,0.00818862358802062,4.89565579841052e-05
122,0.921200750469043,0.818181818181818,0.170770605097854,0.0847005823461123,0.510664612310312,0.206752317223928,0.0271118830217939
123,0.921200750469043,0.818181818181818,0.0885197210153856,0.0444274032879512,0.451455712186375,0.237695226372659,0.177901937137629
124,0.91963727329581,0.739130434782609,0.0457833171249434,0.225313254105365,0.172169215622254,0.473896206793356,0.082838006354082
125,0.923583605494175,1,0.157841889206288,0.368306116750651,0.149508869187867,0.194709652357593,0.129633472497601
126,0.930555555555556,0.6,0.360499224206624,0.0329080650545851,0.477052696380362,0.0502997435848097,0.0792402707736188
127,0.930555555555556,0.739130434782609,0.0754644829573226,0.0910795594654953,0.0810802286524251,0.151993994903139,0.600381734021618
128,0.926670025247261,0.904761904761905,0.18208303477371,0.00101859468001855,0.556895567684562,0.131710984203749,0.128291818657961
129,0.91963727329581,0.739130434782609,0.203519267293531,0.11258641183371,0.146230197410094,0.443403078373759,0.0942610450889065
130,0.926670025247261,0.6,0.637980045114206,0.184456930813767,0.0346139076695387,0.0960252164240088,0.0469238999784788
131,0.926670025247261,0.818181818181818,0.323197575241959,0.0327448752871822,0.45906617185873,0.162665010208061,0.0223263674040671
132,0.921200750469043,0.818181818181818,0.236765410315309,0.0271654136003875,0.040975260577312,0.410721159444055,0.284372756062936
133,0.921200750469043,0.818181818181818,0.0953242591166411,0.719190622244067,0.0177957912356306,0.124581186915596,0.0431081404880648
134,0.922645519190235,0.904761904761905,0.101694182222022,0.0101169071618943,0.518694466728327,0.19259417394055,0.176900269947206
135,0.930555555555556,0.6,0.208294345717814,0.298183244575218,0.0458174652917689,0.0434899162417326,0.404215028173466
136,0.91963727329581,0.739130434782609,0.0421041453425693,0.0940683588914312,0.28640142771757,0.402517925952423,0.174908142096007
137,0.91963727329581,0.739130434782609,0.052603972532605,0.105993946099244,0.0592446547992516,0.541414541296086,0.240742885272814
138,0.91963727329581,0.739130434782609,0.0906257760762078,0.0726543510315573,0.111466338225961,0.444241491810368,0.281012042855906
139,0.930555555555556,0.666666666666667,0.410932622430508,0.0510267752893652,0.258183989102907,0.0930962671749901,0.186760346002229
140,0.923583605494175,1,0.259407888128896,0.260418933177509,0.0229909801587028,0.249761029242162,0.207421169292731
141,0.930555555555556,0.666666666666667,0.2245575591149,0.174469827098559,0.3823620220299,0.0510420934542279,0.167568498302414
142,0.923583605494175,0.904761904761905,0.0792677590136402,0.297745334329152,0.135471962487508,0.203827579471114,0.283687364698586
143,0.926670025247261,0.666666666666667,0.037770237894268,0.0100309030371471,0.100462498564947,0.247821186688429,0.60391517381521
144,0.933862020244134,0.6,0.0113997952616494,0.355670333003506,0.220222282436062,0.0562777339219126,0.35642985537687
145,0.926670025247261,0.818181818181818,0.0563183350808506,0.344953083451754,0.0278838180969763,0.200885249179328,0.369959514191091
146,0.926670025247261,0.666666666666667,0.486016272541899,0.13308457855745,0.160724087048338,0.127460790356387,0.0927142714959259
147,0.923583605494175,1,0.156273445450362,0.338790569108459,0.301348508226081,0.144938966454562,0.058648510760536
148,0.926670025247261,0.666666666666667,0.609186533610332,0.0678588218773102,0.0440592024044572,0.170032340360028,0.108863101747872
149,0.930555555555556,0.666666666666667,0.218139362165655,0.469482139945393,0.0145127854514703,0.0806681954200648,0.217197517017417
150,0.923583605494175,0.904761904761905,0.494277462995237,0.00313546897292839,0.158865843004165,0.290354901368523,0.0533663236591461
151,0.926670025247261,0.666666666666667,0.0122903165834875,0.0107073522384142,0.584214103117269,0.126905326687567,0.265882901373262
152,0.930555555555556,0.818181818181818,0.228838249785155,0.125756671729283,0.287399119125781,0.107978661820794,0.250027297538988
153,0.91963727329581,0.739130434782609,0.41097842072501,0.00187693680443569,0.0079675863541739,0.568711743612655,0.0104653125037252
154,0.91963727329581,0.739130434782609,0.0592250119729623,0.0313248037109452,0.568929415314421,0.307805482254628,0.0327152867470436
155,0.930555555555556,0.666666666666667,0.325086634579674,0.363075813038768,0.0249699507006241,0.124993427591695,0.161874174089238
156,0.923583605494175,1,0.431136898905171,0.00852039783700354,0.143905188216513,0.317336133953989,0.0991013810873239
157,0.91963727329581,0.739130434782609,0.0526056389587356,0.183117085858277,0.293222395841882,0.397437250645647,0.0736176286954579
158,0.930555555555556,0.6,0.381474837412677,0.12190945091107,0.415183224389529,0.039046794826736,0.0423856924599892
159,0.91963727329581,0.739130434782609,0.116019736903698,0.316207657844846,0.152729615933135,0.387968009378009,0.0270749799403124
160,0.944705023973317,0.379310344827586,0.0179272169610144,0.331740528555814,0.0869521640224859,0.025167790167887,0.538212300292798
161,0.930555555555556,0.538461538461538,0.591648260273944,0.194232410168133,0.105960039421706,0.00744257709361844,0.100716713042598
162,0.926670025247261,0.666666666666667,0.158209408951298,0.144791859749046,0.578440429076655,0.0658733279122537,0.0526849743107475
163,0.930555555555556,0.666666666666667,0.332969261356107,0.0336500776019604,0.102390554029852,0.143321147920749,0.387668959091331
164,0.91963727329581,0.739130434782609,0.14935920472144,0.0276627819732379,0.264084600850825,0.552974252720899,0.00591915973359778
165,0.91963727329581,0.739130434782609,0.0575955904490133,0.352398075700384,0.456627406618387,0.114526695039518,0.0188522321926979
166,0.923583605494175,0.904761904761905,0.276384215693837,0.394130724474815,0.124649921528593,0.153372286014408,0.0514628522883479
167,0.926670025247261,0.904761904761905,0.400511225717607,0.0659060022626,0.04311862094693,0.252627641079696,0.237836509993167
168,0.921200750469043,0.818181818181818,0.0441563228323706,0.207092879624435,0.594838824614895,0.0919999154684709,0.0619120574598282
169,0.91963727329581,0.739130434782609,0.0386777302852627,0.237724184699908,0.142413790733163,0.54046163253762,0.0407226617440463
170,0.926670025247261,0.666666666666667,0.412074423125024,0.0328817778703124,0.29052638943815,0.103963966428799,0.160553443137715
171,0.930555555555556,0.6,0.262973621261112,0.140953159648191,0.394332521032928,0.0368052572402887,0.16493544081748
172,0.926670025247261,0.666666666666667,0.186881757428818,0.537018659202102,0.151326428456744,0.0555258460307111,0.0692473088816251
173,0.926670025247261,0.904761904761905,0.322533597815931,0.118281087426927,0.181160114389892,0.165027977315186,0.212997223052064
174,0.926670025247261,0.666666666666667,0.312676974119578,0.135693202074272,0.367786922462077,0.104214032990484,0.0796288683535885
175,0.926670025247261,0.6,0.350352027040446,0.552485156309008,0.0766261009387715,0.00905308420230561,0.0114836315094687
176,0.926670025247261,0.666666666666667,0.503743013321982,0.237821924498563,0.136110991638527,0.100911077374248,0.0214129931666795
177,0.91963727329581,0.739130434782609,0.0166215315626707,0.425546852039966,0.0657160093650063,0.46142487631878,0.0306907307135771
178,0.930555555555556,0.538461538461538,0.618581137892034,0.117755214967453,0.0743446640727701,0.00736013982651184,0.181958843241231
179,0.926670025247261,0.904761904761905,0.28713971531817,0.0828411774279805,0.0306619730096052,0.165400605681215,0.433956528563029
180,0.926670025247261,0.666666666666667,0.476300280959677,0.214966314052787,0.0907274413054953,0.205817298431974,0.0121886652500656
181,0.91963727329581,0.739130434782609,0.0905347151005475,0.133090818135685,0.232728624271719,0.519262906731316,0.024382935760732
182,0.921200750469043,0.818181818181818,0.166384796337884,0.280098976867942,0.217114692397628,0.232010653691358,0.104390880705189
183,0.926670025247261,0.666666666666667,0.422945036011174,0.143593621042664,0.125668451610718,0.153958114478141,0.153834776857304
184,0.926670025247261,0.666666666666667,0.460528952360264,0.191711737944403,0.122334576135157,0.210317988538448,0.0151067450217289
185,0.926670025247261,0.818181818181818,0.0866506560388443,0.281720769031604,0.0790209321935566,0.0861562965472938,0.466451346188702
186,0.91963727329581,0.739130434782609,0.142367000405228,0.0295350161661386,0.203112445009025,0.544285588762406,0.0806999496572021
187,0.926670025247261,0.666666666666667,0.372769649173904,0.222085894210096,0.164975920981766,0.157652219917285,0.0825163157169489
188,0.926670025247261,0.739130434782609,0.284011506436216,0.311956449242909,0.167936997995417,0.125934113350016,0.110160932975441
189,0.926670025247261,0.904761904761905,0.162921536749461,0.323138710700457,0.254460601270509,0.130123431572258,0.129355719707315
190,0.91963727329581,0.739130434782609,0.0748836944625545,0.204727570527897,0.218592079542321,0.410347666721526,0.0914489887457018
191,0.930555555555556,0.538461538461538,0.296957984755808,0.011065454702223,0.372861660285389,0.00220368576777205,0.316911214488809
192,0.923583605494175,1,0.100403562574071,0.498207150552692,0.203527598221908,0.109710457091649,0.0881512315596801
193,0.926670025247261,0.904761904761905,0.25502850708891,0.383832279966632,0.0923439614806578,0.134520382639537,0.134274868824263
194,0.930555555555556,0.538461538461538,0.319949602624491,0.0452792722146795,0.0759616028492068,0.0250792963245329,0.53373022598709
195,0.926670025247261,0.818181818181818,0.327061050685182,0.285891894958286,0.0337741703981234,0.160231848319281,0.193041035639128
196,0.930555555555556,0.666666666666667,0.293771489620911,0.105557684926106,0.230020575328305,0.0690907745449938,0.301559475579684
197,0.923583605494175,0.904761904761905,0.081490101177007,0.258401172118468,0.382967209241825,0.11321222548841,0.16392929197429
198,0.930555555555556,0.666666666666667,0.147988297551248,0.193848125064231,0.305337767585332,0.0442399470892059,0.308585862709983
199,0.921200750469043,0.818181818181818,0.30715632004606,0.247575429976306,0.090214940480642,0.331940676270005,0.0231126332269866
200,0.926670025247261,0.739130434782609,0.232878560190239,0.397516798259501,0.132472765115225,0.104361922165665,0.13276995426937
201,0.91963727329581,0.739130434782609,0.17339469343997,0.00221832628594124,0.29304364668113,0.453782018562438,0.0775613150305211
202,0.938271604938272,0.6,0.0347332948699929,0.640082664011797,0.126058490995708,0.0150137418131194,0.184111808309383
203,0.91963727329581,0.739130434782609,0.0551187123108028,0.288583919107157,0.0119133556071767,0.596135786678479,0.0482482262963842
204,0.923583605494175,1,0.0954813263122396,0.175919623341489,0.453358138453708,0.134734336059308,0.140506575833256
205,0.91963727329581,0.739130434782609,0.0694527547110213,0.093718332856022,0.39343407331492,0.307392951307669,0.136001887810368
206,0.91963727329581,0.666666666666667,0.000224088352953964,0.0474028554419101,0.283596563925513,0.523537884948914,0.145238607330709
207,0.922645519190235,0.904761904761905,0.202043406882124,0.1113358589595,0.190733611960849,0.288150022113928,0.207737100083599
208,0.923583605494175,0.904761904761905,0.101936434189106,0.0972418689065535,0.161329556645799,0.202464146571021,0.43702799368752
209,0.91963727329581,0.739130434782609,0.259507277164279,0.010305267115521,0.0319382991102469,0.655576459744905,0.0426726968650478
210,0.930555555555556,0.6,0.270015686467454,0.524476316004702,0.129668256782718,0.040326313759595,0.03551342698553
211,0.930555555555556,0.818181818181818,0.267274595582125,0.189863322932676,0.118191978912036,0.131334372294479,0.293335730278685
212,0.923583605494175,1,0.275835647016476,0.0198682069069864,0.410530340558748,0.221017613168651,0.0727481923491383
213,0.926670025247261,0.666666666666667,0.500049337254276,0.179764565133335,0.118255911681996,0.0885796532297763,0.113350532700618
214,0.938491649873764,0.538461538461538,0.0846270361216142,0.184555687639969,0.0764485636416065,0.0139883150958655,0.640380397500945
215,0.91963727329581,0.739130434782609,0.170053753651595,0.523735409018516,0.0478639589467282,0.230923854166993,0.0274230242161676
216,0.926670025247261,0.6,0.582502969636211,0.0578258908845693,0.286162387581195,0.0191994456528993,0.0543093062451251
217,0.926670025247261,0.6,0.753414512980797,0.0472647779151561,0.0821277287637349,0.111910347934608,0.00528263240570417
218,0.923583605494175,0.904761904761905,0.0517884208291885,0.188836168179788,0.321194028322895,0.158774238441981,0.279407144226148
219,0.926670025247261,0.904761904761905,0.226321515077383,0.0710282902728798,0.11556376181152,0.140298152663954,0.446788280174263
220,0.926670025247261,0.666666666666667,0.491246700738108,0.0870199312481579,0.0494396472241295,0.170206136173454,0.202087584616151
221,0.930555555555556,0.6,0.233108931216216,0.498625743104468,0.217887518103512,0.0137826083430871,0.036595199232716
222,0.926670025247261,0.904761904761905,0.187929896347876,0.258480762827265,0.0283423456616429,0.159045464674991,0.366201530488224
223,0.926670025247261,0.904761904761905,0.398288676551753,0.0161674334160693,0.0487325375075656,0.272601228116263,0.26421012440835
224,0.91963727329581,0.739130434782609,0.197510721683772,0.0614345396495207,0.0461321514049986,0.642728287803599,0.0521942994581093
225,0.91963727329581,0.739130434782609,0.0818756032903095,0.15464605951588,0.138424586696256,0.365107402612157,0.259946347885398
226,0.944705023973317,0.428571428571429,0.0496894522776622,0.324453671793057,0.0137629528554801,0.00540649332868763,0.606687429745113
227,0.926670025247261,0.666666666666667,0.419299004059521,0.0903145357385937,0.263918230375168,0.173494184437749,0.0529740453889691
228,0.91963727329581,0.739130434782609,0.150335516590343,0.0281907515677481,0.0604833589394563,0.482962534149322,0.278027838753131
229,0.923583605494175,0.904761904761905,0.175325843243698,0.104312343982465,0.115955654020595,0.232947059312027,0.371459099441215
230,0.930555555555556,0.666666666666667,0.429214648518671,0.0931816654687184,0.118316667827667,0.143655167257128,0.215631850927816
231,0.923583605494175,0.904761904761905,0.0634657527605232,0.283031233527259,0.221604673368056,0.144373448196377,0.287524892147785
232,0.921200750469043,0.739130434782609,0.0275120272674227,0.186373716541524,0.553857562663733,0.101027185198129,0.131229508329191
233,0.926670025247261,0.739130434782609,0.360072988195963,0.0535034116763358,0.310432521030967,0.170135271198633,0.105855807898101
234,0.923583605494175,1,0.240910072971447,0.136721994734475,0.221043655156169,0.242914075302795,0.158410201835115
235,0.921200750469043,0.818181818181818,0.0258011503146241,0.132427233019041,0.641481603794519,0.105102918151098,0.0951870947207178
236,0.926670025247261,0.904761904761905,0.0866028477629099,0.380779373075983,0.19111617145188,0.0961705875404958,0.245331020168731
237,0.926670025247261,0.666666666666667,0.618701710793357,0.0671688619429993,0.11480898172377,0.132033486541868,0.0672869589980056
238,0.933862020244134,0.6,0.0145072229078185,0.216766664131495,0.0588623385478755,0.0839491871480755,0.625914587264735
239,0.91963727329581,0.739130434782609,0.0863231786549923,0.300641189346931,0.307884311587325,0.209444916523295,0.0957064038874564
240,0.926670025247261,0.904761904761905,0.316488589723841,0.0863051882235952,0.195019140196224,0.158813712527039,0.243373369329301
241,0.91963727329581,0.739130434782609,0.122451925763335,0.139172750715889,0.490549988043399,0.227657417153898,0.0201679183234781
242,0.930555555555556,0.538461538461538,0.259131306594104,0.189012466365591,0.195911815499188,0.0109714888747881,0.344972922666329
243,0.932098765432099,0.538461538461538,0.680508053696001,0.071584123556585,0.031126962353995,0.0208674954347847,0.195913364958635
244,0.933862020244134,0.6,0.00463604097839556,0.192360907504686,0.197111666146798,0.128414853106819,0.477476532263301
245,0.91963727329581,0.739130434782609,0.0539118580416534,0.146217653352269,0.000795960091773255,0.62863036735792,0.170444161156384
246,0.930555555555556,0.538461538461538,0.497530961274642,0.155714810119797,0.321971470611698,0.00595365773231998,0.018829100261543
247,0.91963727329581,0.739130434782609,0.0229691794336934,0.519711318674579,0.142408066813988,0.292019841065357,0.0228915940123829
248,0.91963727329581,0.739130434782609,0.179823135740495,0.0828671740094405,0.164204271547405,0.570289807208028,0.00281561149463087
249,0.926670025247261,0.666666666666667,0.430210684287194,0.324376161580237,0.05911769062196,0.0789091253110575,0.107386338199552
250,0.926670025247261,0.739130434782609,0.446307331075984,0.167256772373132,0.00339309208589048,0.205264856235761,0.177777948229232
251,0.91963727329581,0.739130434782609,0.32554844317527,0.149203924408102,0.0632062800262397,0.443725173255015,0.0183161791353733
252,0.923583605494175,1,0.242251533101624,0.166044296546538,0.0720125930664459,0.300575742063417,0.219115835221975
253,0.923583605494175,0.904761904761905,0.159977770081448,0.126657773444797,0.114610097228622,0.223862201873795,0.374892157371338
254,0.930555555555556,0.666666666666667,0.138273073437781,0.28643582695167,0.386112030094437,0.033320933100764,0.155858136415347
255,0.91963727329581,0.739130434782609,0.078367785878785,0.0880757905487482,0.190716074934305,0.48614772793974,0.156692620698422
256,0.91963727329581,0.739130434782609,0.264694264407654,0.15507204592833,0.0539335763246816,0.515260001731946,0.011040111607388
257,0.926670025247261,0.666666666666667,0.00936614747085405,0.427859624943466,0.1085599048214,0.109675998463735,0.344538324300545
258,0.930555555555556,0.6,0.449042559182542,0.0526433838675232,0.213173339639044,0.0258107101242182,0.259330007186673
259,0.91963727329581,0.739130434782609,0.131750061496744,0.401941940152695,0.0299069215865562,0.379717604427688,0.0566834723363173
260,0.91963727329581,0.666666666666667,0.00321323036892837,0.0878692591541241,0.591913701310928,0.220545676437338,0.0964581327286811
261,0.91963727329581,0.666666666666667,0.00314602179577546,0.689517690945532,0.0831190746089415,0.181852123447,0.0423650892027511
262,0.91963727329581,0.739130434782609,0.0887128314179853,0.402520763815533,0.0321697440354907,0.299468740932533,0.177127919798458
263,0.926670025247261,0.904761904761905,0.161550954094703,0.127762928347763,0.130435775793991,0.110709135141842,0.469541206621701
264,0.926670025247261,0.666666666666667,0.372106075454029,0.154476175714843,0.326662172588295,0.0723309430009176,0.0744246332419164
265,0.926670025247261,0.904761904761905,0.217843405467287,0.0320039313523383,0.0688828169777765,0.21300864660751,0.468261199595089
266,0.926670025247261,0.666666666666667,0.35066653042014,0.272272063957638,0.100629470631911,0.148938100951216,0.127493834039095
267,0.91963727329581,0.739130434782609,0.0546044267856341,0.0647651985073204,0.0169928476224691,0.767785373624142,0.0958521534604347
268,0.930555555555556,0.739130434782609,0.0636056206271132,0.292768047527776,0.106028334297299,0.058791323278152,0.478806674269659
269,0.923583605494175,0.904761904761905,0.178141689538091,0.119540873232752,0.179728182121342,0.215927035389399,0.306662219718416
270,0.91963727329581,0.739130434782609,0.165256125177222,0.0113814241028181,0.371169588457081,0.363822320445952,0.0883705418169273
271,0.921200750469043,0.818181818181818,0.192938262335514,0.287760806943587,0.0809569008940123,0.310545694817864,0.127798335009023
272,0.923583605494175,1,0.483743434723185,0.00734700183209707,0.101307715636864,0.360183716937064,0.0474181308707899
273,0.923583605494175,1,0.202322493914406,0.279227809240199,0.198572580220841,0.196285810131231,0.123591306493322
274,0.923583605494175,1,0.217784670423032,0.128584969424842,0.116538521367757,0.276700405622033,0.260391433162336
275,0.926670025247261,0.666666666666667,0.324037760056049,0.351711216665023,0.146594604919226,0.135870396112469,0.041786022247233
276,0.926670025247261,0.904761904761905,0.117115463062991,0.202422359890812,0.4315107777018,0.0975800688852616,0.151371330459136
277,0.921200750469043,0.818181818181818,0.0738455208699118,0.217380733768531,0.519216130659847,0.117073421632962,0.0724841930687475
278,0.926670025247261,0.739130434782609,0.0290987359496444,0.283864733936987,0.208515115636452,0.163201323613881,0.315320090863036
279,0.930555555555556,0.666666666666667,0.541854771707527,0.0375276560521134,0.0621451385134194,0.120659848654533,0.237812585072407
280,0.923583605494175,1,0.232773875187609,0.181579285600122,0.222503570462974,0.218275551617398,0.144867717131897
281,0.930555555555556,0.666666666666667,0.450728301502927,0.00682568035759097,0.154762788478617,0.132033589925857,0.255649639735008
282,0.926670025247261,0.904761904761905,0.223394816974251,0.0767979118277409,0.0806698491964624,0.220756039251944,0.398381382749601
283,0.921200750469043,0.818181818181818,0.335098179612998,0.232188541028061,0.0215853825279578,0.369606371614718,0.0415215252162648
284,0.930555555555556,0.6,0.412509877290001,0.0138773708105348,0.463833455224208,0.0590972627380956,0.0506820339371607
285,0.944705023973317,0.176470588235294,0.000322512564233525,0.172540342385603,0.348673436077662,0.0105886832345604,0.467875025737941
286,0.926670025247261,0.904761904761905,0.221313563343593,0.34694513353428,0.15876215339685,0.11744286040187,0.155536289323407
287,0.921200750469043,0.818181818181818,0.182997017330255,0.111866220604107,0.29356704649757,0.286334949331477,0.125234766236591
288,0.926670025247261,0.666666666666667,0.20335999483676,0.0336638060787726,0.615888866463921,0.0734893560051314,0.0735979766154148
289,0.926670025247261,0.904761904761905,0.0720937429682535,0.249891779324193,0.302606962672434,0.0630722108338111,0.312335304201308
290,0.926670025247261,0.739130434782609,0.340041974333444,0.0317673526100804,0.362899411680771,0.162405299906733,0.102885961468972
291,0.923583605494175,1,0.221008961227734,0.0486260224770317,0.101099377128422,0.27930603897205,0.349959600194762
292,0.926670025247261,0.904761904761905,0.0710850714451401,0.48399347780006,0.292381661417434,0.0534448725861411,0.0990949167512245
293,0.930555555555556,0.6,0.204045493647636,0.249891103080229,0.370846143349703,0.0322740233100512,0.142943236612381
294,0.930555555555556,0.6,0.373902273893647,0.291197125102302,0.139684937786881,0.0242614673048564,0.170954195912313
295,0.926670025247261,0.666666666666667,0.533381547480839,0.108105046715638,0.239819041916579,0.0988821989602138,0.0198121649267302
296,0.91963727329581,0.739130434782609,0.123037065956826,0.0274052371558062,0.132065227924637,0.557690569278059,0.159801899684671
297,0.91963727329581,0.739130434782609,0.123839874995025,0.104435507890801,0.20949364488798,0.521990041491104,0.0402409307350903
298,0.926670025247261,0.904761904761905,0.276269888457083,0.154679497074439,0.29112809611601,0.149941976559747,0.127980541792722
299,0.930555555555556,0.6,0.552929823312559,0.0944205881731144,0.0569980209552942,0.090773586586695,0.204877980972337
300,0.926670025247261,0.666666666666667,0.439231139764449,0.0276979477567141,0.39067336700323,0.0937215594172763,0.0486759860583304
301,0.926670025247261,0.666666666666667,0.412688035398792,0.417406675562607,0.0583519106425263,0.0946222913033792,0.0169310870926952
302,0.91963727329581,0.739130434782609,0.0108401166381386,0.100655712616066,0.667164438034701,0.186290604587768,0.0350491281233258
303,0.91963727329581,0.739130434782609,0.0743332763143768,0.330250306896295,0.11274557632682,0.39820514979983,0.0844656906626779
304,0.923583605494175,0.904761904761905,0.448852691542042,0.153492893813554,0.145361973979819,0.236884000913133,0.0154084397514522
305,0.930555555555556,0.6,0.439798301774727,0.126422850207637,0.247788006915578,0.0229431971890347,0.163047643913024
306,0.933641975308642,0.666666666666667,0.017355907277311,0.536225882831452,0.0596805184518964,0.0774687978089658,0.309268893630375
307,0.926670025247261,0.818181818181818,0.0642810696705384,0.283519403768441,0.0845662369497175,0.18591262770366,0.381720661907644
308,0.923583605494175,1,0.269625376086577,0.331373077800887,0.168968048776763,0.194703652435959,0.0353298448998138
309,0.91963727329581,0.739130434782609,0.197483359961558,0.000423450369754293,0.0617362444231177,0.716940078063096,0.0234168671824738
310,0.91963727329581,0.739130434782609,0.178360953123327,0.0714251087250137,0.122450110190246,0.477706578024441,0.150057249936972
311,0.923583605494175,1,0.159621967795557,0.537030636145923,0.174407438245913,0.124562837212033,0.00437712060057368
312,0.930555555555556,0.666666666666667,0.299935907226739,0.272301550942724,0.199462042263769,0.099420808250009,0.128879691316759
313,0.91963727329581,0.739130434782609,0.0287379213120059,0.146470920156651,0.0151403775713327,0.757451881664238,0.0521988992957716
314,0.926670025247261,0.904761904761905,0.096248688697376,0.448351463423008,0.0225132540675288,0.142091817081142,0.290794776730946
315,0.923583605494175,0.904761904761905,0.0263433910551813,0.288079166727524,0.533912959062919,0.0587255016220241,0.0929389815323518
316,0.930555555555556,0.538461538461538,0.0794554008741235,0.096022321783254,0.724491238553597,0.000805357750168683,0.0992256810388573
317,0.921200750469043,0.818181818181818,0.125454031927023,0.271420104263845,0.114463505751184,0.248590181647176,0.240072176410773
318,0.930555555555556,0.6,0.396479374918922,0.121930392209593,0.33384104772232,0.0177359409514078,0.130013244197756
319,0.91963727329581,0.739130434782609,0.0324792895988693,0.199327419532946,0.0209116405724596,0.581187104841969,0.166094545453756
320,0.91963727329581,0.739130434782609,0.0386663338929199,0.532142571450687,0.190157421148239,0.146087394981653,0.0929462785265014
321,0.926670025247261,0.904761904761905,0.097243721383059,0.376296989362465,0.108339043343924,0.10706044928562,0.311059796624932
322,0.926670025247261,0.904761904761905,0.207931258913922,0.0233289559704718,0.559676520861043,0.140711209523796,0.0683520547307671
323,0.91963727329581,0.666666666666667,0.0101201534075566,0.315141619888687,0.0276324073655498,0.514372652429948,0.132733166908258
324,0.930555555555556,0.739130434782609,0.044457863222906,0.420957790403307,0.0494269369503242,0.0740057425914278,0.411151666832035
325,0.930555555555556,0.6,0.351884046332976,0.144648575481886,0.403656887606267,0.0469302793551801,0.0528802112236906
326,0.91963727329581,0.666666666666667,0.0115490746420476,0.65336710296861,0.0366559315326721,0.157385110057229,0.141042780799441
327,0.923583605494175,1,0.314484955707811,0.0291225929665116,0.305719447049974,0.27921038579272,0.0714626184829834
328,0.921200750469043,0.666666666666667,0.0231592501359693,0.449720135231846,0.164265685563323,0.14191492907911,0.220939999989752
329,0.923583605494175,1,0.10035424065366,0.17517364103575,0.581682281605693,0.105250171170928,0.0375396655339694
330,0.938491649873764,0.538461538461538,0.0464315835531338,0.289061245613557,0.180245760551323,0.0378031686184686,0.446458241663518
331,0.930555555555556,0.6,0.567012586017326,0.0148282506664222,0.0795652844000854,0.0650963972483124,0.273497481667854
332,0.91963727329581,0.739130434782609,0.0130187783392034,0.417332992595336,0.132216710240335,0.435056313138157,0.00237520568696885
333,0.91963727329581,0.739130434782609,0.114734644767257,0.525570107673116,0.0337956237471182,0.289108336211752,0.0367912876007562
334,0.926670025247261,0.904761904761905,0.312883848473647,0.0193770424023407,0.00863332043702297,0.245544931204704,0.413560857482286
335,0.921200750469043,0.818181818181818,0.100300153890148,0.0911089858741064,0.232917887600167,0.271910300943159,0.30376267169242
336,0.926670025247261,0.818181818181818,0.107621726136429,0.0613715662562175,0.068956360117123,0.199983293360658,0.562067054129573
337,0.930555555555556,0.6,0.435198516463599,0.211035136189352,0.214219762832709,0.0500529203952953,0.0894936641190447
338,0.926670025247261,0.666666666666667,0.469422971840482,0.234218148815315,0.0453041921817658,0.0958929415722819,0.155161745590156
339,0.932098765432099,0.6,0.307181845818476,0.167551973929963,0.0146711111247714,0.066444955003546,0.444150114123244
340,0.91963727329581,0.739130434782609,0.170842330069498,0.336867281826953,0.0756541724418737,0.313447991197315,0.103188224464361
341,0.91963727329581,0.739130434782609,0.223851589089935,0.269064020410144,0.0048170330915529,0.428323282730917,0.0739440746774518
342,0.926670025247261,0.904761904761905,0.138584820081612,0.216947216008202,0.177812649742068,0.164838943103876,0.301816371064241
343,0.91963727329581,0.739130434782609,0.139368725603046,0.217386173037775,0.330557972447077,0.30255096241578,0.0101361664963214
344,0.91963727329581,0.739130434782609,0.00486680373739196,0.302973548258584,0.539941328758575,0.130376095474799,0.0218422237706509
345,0.926670025247261,0.904761904761905,0.156412006390411,0.220190797055729,0.0893472081556413,0.145605381967408,0.388444606430811
346,0.91963727329581,0.739130434782609,0.0486248961680214,0.225749001769584,0.0267933883286205,0.578534800727724,0.12029791300605
347,0.930555555555556,0.666666666666667,0.389827714821205,0.131971012183129,0.0360116300562866,0.160680096493912,0.281509546445468
348,0.91963727329581,0.666666666666667,8.31697818820781e-05,0.380564012131673,0.0550190546555855,0.518192815282756,0.0461409481481034
349,0.926670025247261,0.666666666666667,0.53689081649549,0.184997920927747,0.0669490582143424,0.119237342929528,0.0919248614328926
350,0.930555555555556,0.6,0.620575103890842,0.144335058759934,0.0810789954854938,0.0623813945717797,0.0916294472919505
351,0.930555555555556,0.666666666666667,0.255146715772984,0.255609115093945,0.326043305996719,0.0489476234562651,0.114253239680087
352,0.921200750469043,0.818181818181818,0.365234689481504,0.0969965027493192,0.0815505118338279,0.414037219699549,0.0421810762358
353,0.930555555555556,0.538461538461538,0.540036185856554,0.0850995028762725,0.183514357359053,0.017731653769266,0.173618300138855
354,0.930555555555556,0.818181818181818,0.271781950192173,0.0728372511733855,0.0567169416812525,0.134100868050954,0.464562988902235
355,0.91963727329581,0.739130434782609,0.156721064799787,0.0824603778169668,0.034815362768747,0.63034428108052,0.0956589135339796
356,0.930555555555556,0.739130434782609,0.172613703478243,0.106011744144503,0.388935524733363,0.07837852060858,0.254060507035311
357,0.923583605494175,1,0.19455649272378,0.0224473002688668,0.227026920005167,0.2675021484953,0.288467138506886
358,0.926670025247261,0.904761904761905,0.190981721242591,0.0553246828650114,0.396130468047773,0.164850763773333,0.192712364071291
359,0.926670025247261,0.904761904761905,0.164211960451907,0.486040040191647,0.197754725344547,0.0911922916226547,0.0608009823892441
360,0.926670025247261,0.904761904761905,0.280189920317823,0.0668331414023542,0.0405486457140342,0.189977351817559,0.422450940748229
361,0.926670025247261,0.666666666666667,0.00677687544667964,0.0449436327400542,0.294506101775685,0.165555418658146,0.488217971379435
362,0.922645519190235,0.904761904761905,0.246884308127804,0.133749258524717,0.211749869843002,0.293314527697782,0.114302035806695
363,0.922645519190235,0.904761904761905,0.347343915398078,0.133766189689229,0.106204920389073,0.365954947197162,0.0467300273264575
364,0.933862020244134,0.6,0.0161920994734265,0.414275769104358,0.115620411407799,0.089271105039376,0.36464061497504
365,0.91963727329581,0.739130434782609,0.0990715227878372,0.406014545338327,0.133473464008434,0.308526678240174,0.0529137896252279
366,0.923583605494175,1,0.420726209417119,0.00589594692152309,0.259830894485461,0.302339147772797,0.0112078014031005
367,0.923583605494175,1,0.180966357536485,0.412998300631242,0.0351490707835534,0.182086072381745,0.188800198666975
368,0.933862020244134,0.6,0.0169680671762478,0.0749320740737841,0.153772586520572,0.143924964712211,0.610402307517185
369,0.926670025247261,0.666666666666667,0.407643641838021,0.343517752606167,0.0889770774377658,0.114629248106348,0.0452322800116984
370,0.930555555555556,0.666666666666667,0.241204194047551,0.258782405404927,0.316312205325297,0.0455788691789798,0.138122326043245
371,0.91963727329581,0.739130434782609,0.0749086148982624,0.102668147177957,0.423908804303798,0.327440062302382,0.0710743713176002
372,0.922645519190235,0.904761904761905,0.102216541995395,0.232553246177409,0.180510334213996,0.228626193210217,0.256093684402983
373,0.926670025247261,0.666666666666667,0.145470487268773,0.102338783574071,0.685835567527281,0.0597501743040799,0.00660498732579521
374,0.935185185185186,0.6,0.190372535707669,0.167578197638211,0.0200091669873633,0.0394705011131953,0.582569598553562
375,0.921200750469043,0.818181818181818,0.272378248486485,0.00190927317070488,0.112721413018846,0.396049408819638,0.216941656504326
376,0.91963727329581,0.739130434782609,0.0366324438377437,0.153329961179802,0.00944791789213045,0.702727174416988,0.0978625026733361
377,0.926670025247261,0.739130434782609,0.0545242119961056,0.233909674792384,0.0680434216379169,0.181957963154241,0.461564728419352
378,0.926670025247261,0.666666666666667,0.56904990587008,0.0196281623691717,0.063348965769127,0.113740099588401,0.234232866403221
379,0.930555555555556,0.666666666666667,0.279085781700066,0.081991822609697,0.11223615519055,0.115856794254655,0.410829446245032
380,0.91963727329581,0.739130434782609,0.100713775032223,0.315286303141827,0.383346046997346,0.160967181858276,0.039686692970327
381,0.926670025247261,0.904761904761905,0.292594292758205,0.000992396496710668,0.11214245308854,0.232920262319567,0.361350595336977
382,0.91963727329581,0.666666666666667,0.0101402162936258,0.120905029120066,0.205123477056578,0.378954000105822,0.284877277423909
383,0.926670025247261,0.904761904761905,0.0803334140059049,0.392458660389447,0.180078361050855,0.0809285609824876,0.266201003571305
384,0.923583605494175,0.904761904761905,0.177455249494722,0.187334990418392,0.107573788778271,0.209736531112752,0.317899440195864
385,0.921200750469043,0.818181818181818,0.0703888705332363,0.191071610002418,0.272738443312653,0.240858791189152,0.22494228496254
386,0.926670025247261,0.904761904761905,0.359453464062615,0.107417536113172,0.174974930712706,0.23301300966907,0.125141059442437
387,0.923583605494175,1,0.332216801085712,0.167148891636426,0.0479919833914139,0.298747651945504,0.153894671940943
388,0.921200750469043,0.818181818181818,0.10890128587735,0.456897859919863,0.0670377373588287,0.245430600116363,0.121732516727596
389,0.923583605494175,1,0.232559802177439,0.201758823157893,0.0454372418907439,0.294518225605819,0.225725907168106
390,0.930555555555556,0.666666666666667,0.144077675471264,0.450547619205675,0.200163225437248,0.0552542875010539,0.149957192384759
391,0.941838649155722,0.481481481481481,0.0770903317590226,0.0261068322354794,0.0026261016632071,0.0527223228252291,0.841454411517062
392,0.926670025247261,0.904761904761905,0.287223378860226,0.031339432120292,0.143069108282188,0.219495433782404,0.31887264695489
393,0.930555555555556,0.6,0.389467209684787,0.123731805048773,0.0517319041921033,0.040129149520743,0.394939931553593
394,0.926670025247261,0.904761904761905,0.159841514830642,0.507616049040995,0.180248918343621,0.101613971229954,0.0506795465547881
395,0.91963727329581,0.739130434782609,0.215432283411807,0.188417577010631,0.012605439605698,0.519090741628086,0.064453958343778
396,0.922645519190235,0.904761904761905,0.336108796970767,0.0644383065994727,0.162730450638049,0.352286572951446,0.0844358728402654
397,0.923583605494175,1,0.157174484599081,0.657341264690824,0.0579827875356834,0.117257482515903,0.0102439806585081
398,0.921200750469043,0.818181818181818,0.230926491910243,0.0740171898004579,0.162039067537125,0.39163479222958,0.141382458522593
399,0.930555555555556,0.666666666666667,0.138605549465663,0.459530678962083,0.268656012441798,0.0493021551999668,0.0839056039304887
400,0.91963727329581,0.739130434782609,0.242368631743941,0.0219044820005742,0.316733328124792,0.406163856954723,0.0128297011759695
401,0.923583605494175,1,0.419083659882315,0.135303645992153,0.145472101648465,0.285283169992839,0.0148574224842289
402,0.91963727329581,0.666666666666667,0.00497862034947657,0.0252261140648895,0.309340138711752,0.49702009808313,0.163435028790752
403,0.930555555555556,0.6,0.139425815698778,0.0944335645632726,0.602634357387857,0.0118963073695276,0.151609954980565
404,0.938491649873764,0.6,0.0319785383963797,0.412767047513145,0.0197626684101784,0.0495439015763531,0.485947844103944
405,0.921200750469043,0.818181818181818,0.118302170805376,0.0345612866956741,0.350203305002256,0.30925685751516,0.187676379981534
406,0.926670025247261,0.904761904761905,0.153583065575037,0.135944148067349,0.248223621834159,0.173937600044115,0.288311564479341
407,0.944705023973317,0.290322580645161,0.00385460736402711,0.207542788797266,0.453006745689527,0.0127152965181561,0.322880561631023
408,0.926670025247261,0.904761904761905,0.361167870279971,0.113170616657151,0.127205365772277,0.247683956152623,0.150772191137977
409,0.926670025247261,0.904761904761905,0.0873641684257478,0.206333648769084,0.130579684542448,0.167322374980796,0.408400123281925
410,0.921200750469043,0.818181818181818,0.166890337830101,0.066605266575078,0.169502170009417,0.334259036083835,0.262743189501569
411,0.923583605494175,0.904761904761905,0.0968024287124119,0.453599295566244,0.125128242224745,0.147505346566464,0.176964686930135
412,0.930555555555556,0.666666666666667,0.390218320534742,0.0238296490523701,0.115942673503935,0.121657384111959,0.348351972796994
413,0.922645519190235,0.904761904761905,0.175841202210188,0.0930915915118462,0.0579409356513501,0.335021916664158,0.338104353962458
414,0.926670025247261,0.904761904761905,0.343294642965733,0.0398255251624105,0.0549022032392599,0.271684912655272,0.290292715977325
415,0.91963727329581,0.739130434782609,0.0682992077675903,0.386900785171303,0.282883868100108,0.25072348427944,0.0111926546815594
416,0.923583605494175,0.904761904761905,0.0902514739086855,0.269338642951593,0.0265041533760035,0.218122310358722,0.395783419404996
417,0.930555555555556,0.666666666666667,0.260598963117476,0.181776216385487,0.29719927889056,0.0563987470140924,0.204026794592385
418,0.91963727329581,0.739130434782609,0.103192643694908,0.110772039322006,0.437703645430597,0.269062042553829,0.0792696289986597
419,0.926670025247261,0.904761904761905,0.163739386415718,0.126819973953598,0.169697801059568,0.188857544981362,0.350885293589753
420,0.91963727329581,0.739130434782609,0.175456431947226,0.169794968203782,0.210086682392231,0.35062206148518,0.0940398559715812
421,0.926670025247261,0.739130434782609,0.384968136025865,0.141574677341196,0.158817988080303,0.174542221038513,0.140096977514123
422,0.930555555555556,0.666666666666667,0.471406406658085,0.0440946804750124,0.0410746230962124,0.106576779157605,0.336847510613086
423,0.923583605494175,0.904761904761905,0.0914144751995766,0.175801332472421,0.0741104583869838,0.262120709446418,0.3965530244946
424,0.91963727329581,0.739130434782609,0.258776843886659,0.269455391218425,0.0955262925229022,0.370354090668376,0.00588738170363742
425,0.923583605494175,1,0.274898374059087,0.305809286253725,0.150585766440206,0.22173684012927,0.046969733117712
426,0.926670025247261,0.904761904761905,0.267394958662401,0.275172057576466,0.0320720390290131,0.148956175084487,0.276404769647632
427,0.91963727329581,0.739130434782609,0.0871717957264837,0.0104232784941778,0.715556070647009,0.151142336403834,0.035706518728496
428,0.930555555555556,0.6,0.245750914999178,0.551749315582618,0.0740805046857012,0.0144451658574179,0.113974098875084
429,0.930555555555556,0.6,0.212213064199748,0.28208003721676,0.143107118146487,0.0483770919916686,0.314222688445336
430,0.91963727329581,0.739130434782609,0.208187929951253,0.128223885897525,0.132030999616179,0.520517485892381,0.0110396986426624
431,0.91963727329581,0.739130434782609,0.21188474863156,0.0278271109114975,0.312619972906645,0.417970703290821,0.029697464259477
432,0.930555555555556,0.666666666666667,0.364830487796116,0.0136473036222004,0.219366565902183,0.126065728215311,0.27608991446419
433,0.926670025247261,0.904761904761905,0.222058657914232,0.0830268298827876,0.0459004516012879,0.185207765187599,0.463806295414094
434,0.926670025247261,0.904761904761905,0.100456741489484,0.438109827176812,0.233528435951746,0.0560917282102505,0.171813267171708
435,0.926670025247261,0.904761904761905,0.131806770323553,0.517899932255909,0.181142763539601,0.0857985705755234,0.0833519633054144
436,0.91963727329581,0.666666666666667,0.0362669435910845,0.02467456728817,0.132218474442104,0.486703504214339,0.320136510464302
437,0.91963727329581,0.739130434782609,0.0820232082128801,0.0370161442421765,0.771542635207592,0.108854394689747,0.00056361764760438
438,0.926670025247261,0.6,0.568257205051062,0.263970121469155,0.137596564575669,0.0109124450853351,0.0192636638187798
439,0.926670025247261,0.904761904761905,0.147463560370555,0.171746751947191,0.00383400326480365,0.137779155841269,0.539176528576181
440,0.926670025247261,0.818181818181818,0.0535299598763634,0.318863146354941,0.258769519057429,0.0944958090407205,0.274341565670547
441,0.926670025247261,0.666666666666667,0.527593900093878,0.175330957201611,0.0646603479181283,0.194605205339463,0.0378095894469198
442,0.91963727329581,0.739130434782609,0.154391169800598,0.0860262034550576,0.0461593031402621,0.627596216101787,0.085827107502295
443,0.930555555555556,0.666666666666667,0.313104739915522,0.306866371677635,0.0574941690354714,0.115891963776502,0.206642755594869
444,0.926670025247261,0.904761904761905,0.212743946597717,0.358369412841036,0.0344386858117562,0.188868972578582,0.205578982170908
445,0.926670025247261,0.904761904761905,0.112684644976442,0.592993129955624,0.196009116192142,0.0731021856533135,0.0252109232224789
446,0.921200750469043,0.739130434782609,0.0290228709687433,0.433910239890065,0.244486487118291,0.130025264560424,0.162555137462475
447,0.926670025247261,0.904761904761905,0.518774484757894,0.037211059339242,0.00161575937384137,0.329874392580035,0.112524303948988
448,0.923583605494175,1,0.152083792584353,0.118252499828811,0.553960565054476,0.136681895257302,0.0390212472750594
449,0.921200750469043,0.818181818181818,0.109697409955279,0.0858287489121104,0.550125662045315,0.165430184548637,0.0889179945386587
450,0.930555555555556,0.6,0.508098819893853,0.178579165765108,0.114621451427158,0.0378908710131477,0.160809691900734
451,0.926670025247261,0.666666666666667,0.484648093766144,0.171988961562391,0.111336035243184,0.193527870221675,0.0384990392066061
452,0.91963727329581,0.739130434782609,0.039206077247575,0.0180886179262166,0.342641984682422,0.432472395087416,0.16759092505637
453,0.926670025247261,0.904761904761905,0.237345168079571,0.271464244905461,0.206680229371086,0.145251537704467,0.139258819939415
454,0.923583605494175,1,0.107413629169954,0.521146448156822,0.154602302053548,0.116578032432796,0.10025958818688
455,0.91963727329581,0.739130434782609,0.0275113168505122,0.0219762914526808,0.175962287098769,0.627102038397705,0.147448066200333
456,0.921200750469043,0.818181818181818,0.269039824122999,0.248338072513932,0.0218099512296615,0.368403256659554,0.0924088954738544
457,0.930555555555556,0.6,0.391005566413595,0.147178570740537,0.315381817935632,0.025141573001346,0.12129247190889
458,0.923583605494175,1,0.281794887023427,0.107252823019168,0.0336267508405442,0.299646465976599,0.277679073140262
459,0.932098765432099,0.6,0.589007193264923,0.114691665707031,0.00182959205094533,0.0318100814006282,0.262661467576473
460,0.926670025247261,0.904761904761905,0.115177651129446,0.0229898523088721,0.249790649984827,0.124353645233448,0.487688201343406
461,0.926670025247261,0.739130434782609,0.535120658090328,0.00713349313355928,0.0187997167329476,0.238968938869009,0.199977193174156
462,0.930555555555556,0.739130434782609,0.0674735429134906,0.0663771514497672,0.0751344645161583,0.169807319673807,0.621207521446777
463,0.922645519190235,0.904761904761905,0.141041552358317,0.057529198380369,0.0877363028626997,0.32694440141621,0.386748544982405
464,0.922645519190235,0.904761904761905,0.341178366657041,0.25565145039108,0.0284634768691679,0.331802974936832,0.0429037311458791
465,0.921200750469043,0.818181818181818,0.208501692795308,0.418803398316011,0.0124650249858061,0.300832013874291,0.0593978700285842
466,0.926670025247261,0.739130434782609,0.0372858379109247,0.135939967442011,0.162643371227014,0.225959721535067,0.438171101884982
467,0.926670025247261,0.666666666666667,0.390573316516674,0.153746031256633,0.256633408517388,0.104652567177564,0.0943946765317416
468,0.91963727329581,0.739130434782609,0.192701962835052,0.130838897240679,0.130224000218763,0.469678513434492,0.0765566262710137
469,0.92338961851157,0.818181818181818,0.0503666330420987,0.421621051276651,0.100178413026012,0.168306953316224,0.259526949339014
470,0.923583605494175,1,0.353453158478094,0.00104143590486686,0.192219399309712,0.292464998354594,0.160821007952733
471,0.930555555555556,0.6,0.324869424291946,0.194386222623132,0.36906758854175,0.0420778281219468,0.0695989364212254
472,0.91963727329581,0.739130434782609,0.0374545959693865,0.551664385789528,0.137852403523672,0.175793877709349,0.0972347370080643
473,0.930555555555556,0.538461538461538,0.610052538032034,0.204859059614408,0.131226802297008,0.00231192184461574,0.0515496782119352
474,0.91963727329581,0.739130434782609,0.0305867945905465,0.290131117587406,0.4110239031136,0.194124033979756,0.0741341507286919
475,0.921200750469043,0.818181818181818,0.237307081864092,0.21031689648403,0.194758179057198,0.31742661388743,0.0401912287072494
476,0.930555555555556,0.666666666666667,0.2069268699941,0.0333388033176606,0.600956479862302,0.0581850872048773,0.100592759621061
477,0.921200750469043,0.818181818181818,0.281060450371866,0.0981296712712001,0.23114100942663,0.360267248419696,0.0294016205106082
478,0.923583605494175,1,0.103914028372073,0.687977859429784,0.120448789811938,0.0795707787097393,0.00808854367646639
479,0.930555555555556,0.6,0.286557158431541,0.694446008285444,0.00490655331976056,0.00999630920178322,0.00409397076147113
480,0.91963727329581,0.739130434782609,0.0487444206315386,0.159315761150962,0.19113296338233,0.337947913529589,0.262858941305581
481,0.938491649873764,0.538461538461538,0.0181454293348096,0.020990551624401,0.846983010380352,0.00519730179312956,0.108683706867308
482,0.944705023973317,0.25,0.0105085988146362,0.298996837889656,0.318310676416282,0.00295146049742695,0.369232426381999
483,0.930555555555556,0.666666666666667,0.32079688321003,0.199149800361441,0.0451001940091838,0.132806956594972,0.302146165824373
484,0.921200750469043,0.666666666666667,0.0106694331671937,0.10060617046512,0.0712974719997083,0.349908444750327,0.467518479617651
485,0.930555555555556,0.666666666666667,0.238248108022567,0.110118532028154,0.36723417595582,0.0615768111335892,0.22282237285987
486,0.932098765432099,0.6,0.217425599629876,0.509480539172015,0.00520722365436808,0.0343153370280056,0.233571300515735
487,0.923583605494175,1,0.161922985116113,0.114946348087486,0.503732140254002,0.134033395891193,0.0853651306512058
488,0.91963727329581,0.739130434782609,0.0838382196107548,0.244586409548922,0.222099456873611,0.307971473420984,0.141504440545729
489,0.91963727329581,0.739130434782609,0.0501978822678341,0.392127026365416,0.0457594176862223,0.426335642097511,0.0855800315830167
490,0.91963727329581,0.666666666666667,0.0093986930971568,0.131519254684828,0.173629872749765,0.487486020749189,0.197966158719061
491,0.921200750469043,0.666666666666667,0.0154832121129245,0.323648208891546,0.380630612597443,0.140685431614099,0.139552534783988
492,0.930555555555556,0.666666666666667,0.373074834904828,0.25838875262762,0.00432456021437264,0.128606515439823,0.235605336813357
493,0.926670025247261,0.904761904761905,0.419409707263755,0.178025951499139,0.029547044263391,0.22750045915585,0.145516837817865
494,0.926670025247261,0.904761904761905,0.396009533224693,0.196795018457411,0.014262639079361,0.25408036178299,0.138852447455544
495,0.933862020244134,0.6,0.00227388800824372,0.152763241837917,0.459655183811151,0.077849478632399,0.30745820771029
496,0.930555555555556,0.538461538461538,0.433888696449441,0.213235274844995,0.224039941313215,0.00838884984056653,0.120447237551782
497,0.930555555555556,0.6,0.183802736387433,0.306098634498558,0.18933500212494,0.0196908775506865,0.301072749438383
498,0.930555555555556,0.6,0.64044116963829,0.167986138729307,0.0135461980024932,0.0327292824008351,0.145297211229074
499,0.921200750469043,0.818181818181818,0.0474883735774412,0.346641179165319,0.213655969988405,0.218535301750103,0.173679175518732
500,0.926670025247261,0.904761904761905,0.230205599714509,0.0122183189427313,0.00170131698117669,0.274908959634869,0.480965804726714
